{"$schema":"http://schema.management.azure.com/schemas/2015-01-01/deploymentTemplate.json#","contentVersion":"1.0.0.0","parameters":{"factoryName":{"type":"string","metadata":"Data Factory name"},"ls_db_covid_cluster":{"type":"string"}},"variables":{"factoryId":"[concat('Microsoft.DataFactory/factories/', parameters('factoryName'))]"},"resources":[{"name":"[concat(parameters('factoryName'), '/pl_process_population_data')]","type":"Microsoft.DataFactory/factories/pipelines","apiVersion":"2018-06-01","properties":{"activities":[{"name":"ExecutePopulationTransformation","type":"DatabricksNotebook","dependsOn":[],"policy":{"timeout":"0.12:00:00","retry":0,"retryIntervalInSeconds":30,"secureOutput":false,"secureInput":false},"userProperties":[],"typeProperties":{"notebookPath":"/Covid/trans/transform_population_data"},"linkedServiceName":{"referenceName":"[parameters('ls_db_covid_cluster')]","type":"LinkedServiceReference"}}],"policy":{"elapsedTimeMetric":{},"cancelAfter":{}},"folder":{"name":"process"},"annotations":[],"lastPublishTime":"2023-07-12T09:18:39Z"},"dependsOn":[]}]}