{
    "name": "ds_processed_hospital_admissions_weekly",
    "properties": {
        "linkedServiceName": {
            "referenceName": "ls_dsls_covid_report_dl",
            "type": "LinkedServiceReference"
        },
        "folder": {
            "name": "processed"
        },
        "annotations": [],
        "type": "DelimitedText",
        "typeProperties": {
            "location": {
                "type": "AzureBlobFSLocation",
                "folderPath": "ecdc/hospital_admissions_weekly",
                "fileSystem": "processed"
            },
            "columnDelimiter": ",",
            "escapeChar": "\\",
            "firstRowAsHeader": true,
            "quoteChar": "\""
        },
        "schema": []
    },
    "type": "Microsoft.DataFactory/factories/datasets"
}