{
    "name": "ds_raw_hospital_admission",
    "properties": {
        "linkedServiceName": {
            "referenceName": "ls_dsls_covid_report_dl",
            "type": "LinkedServiceReference"
        },
        "folder": {
            "name": "raw"
        },
        "annotations": [],
        "type": "DelimitedText",
        "typeProperties": {
            "location": {
                "type": "AzureBlobFSLocation",
                "fileName": "hospital_admissions.csv",
                "folderPath": "ecdc/hospital_admissions",
                "fileSystem": "raw"
            },
            "columnDelimiter": ",",
            "escapeChar": "\\",
            "firstRowAsHeader": true,
            "quoteChar": "\""
        },
        "schema": [
            {
                "name": "country",
                "type": "String"
            },
            {
                "name": "indicator",
                "type": "String"
            },
            {
                "name": "date",
                "type": "String"
            },
            {
                "name": "year_week",
                "type": "String"
            },
            {
                "name": "value",
                "type": "String"
            },
            {
                "name": "source",
                "type": "String"
            },
            {
                "name": "url",
                "type": "String"
            }
        ]
    },
    "type": "Microsoft.DataFactory/factories/datasets"
}