{
    "now": "2023-07-24T06:29:25.063Z",
    "perfNow": 736683.3000000715,
    "diagnosticCorrelation": "10cc7139-e6d7-417c-86f2-e1ee992a3e75",
    "source": "DownloadSupportFiles",
    "environment": {
        "productName": "adf",
        "buildVersion": "1.0.072123.0",
        "environmentType": 3,
        "resourceName": "Venkat-Covid-Report-ADF-proj",
        "resourceRegion": "eastus",
        "resourceGroup": "Covid_report_resource_grp",
        "subscriptionId": "b9d116f2-74b1-4f0a-8a67-dee852851914",
        "sessionId": "gSI6V2vSIpYImJ2xvYVJHQ",
        "operationId": "",
        "gitType": "live",
        "loggingKey": "75fc9ef4-b846-4b5f-a633-913002eb5b63"
    },
    "additionalInfo": {
        "selectedResource": "ds_sql_cases_and_deaths",
        "selectedResourceType": "dataset"
    }
}