{
    "now": "2023-07-24T06:28:14.918Z",
    "perfNow": 666537.3000000715,
    "diagnosticCorrelation": "b82bab55-6727-46ce-8b59-596fd7a38933",
    "source": "DownloadSupportFiles",
    "environment": {
        "productName": "adf",
        "buildVersion": "1.0.072123.0",
        "environmentType": 3,
        "resourceName": "Venkat-Covid-Report-ADF-proj",
        "resourceRegion": "eastus",
        "resourceGroup": "Covid_report_resource_grp",
        "subscriptionId": "b9d116f2-74b1-4f0a-8a67-dee852851914",
        "sessionId": "gSI6V2vSIpYImJ2xvYVJHQ",
        "operationId": "",
        "gitType": "live",
        "loggingKey": "75fc9ef4-b846-4b5f-a633-913002eb5b63"
    },
    "additionalInfo": {
        "selectedResource": "ds_processed_hospital_admissions_weekly",
        "selectedResourceType": "dataset"
    }
}