{
    "name": "df_transform_cases_death",
    "properties": {
        "type": "MappingDataFlow",
        "typeProperties": {
            "sources": [
                {
                    "dataset": {
                        "referenceName": "ds_raw_cases_and_deaths",
                        "type": "DatasetReference"
                    },
                    "name": "CasesandDeathsource"
                },
                {
                    "dataset": {
                        "referenceName": "ds_country_lookup",
                        "type": "DatasetReference"
                    },
                    "name": "CountryLookup"
                }
            ],
            "sinks": [
                {
                    "dataset": {
                        "referenceName": "ds_processed_cases_and_deaths",
                        "type": "DatasetReference"
                    },
                    "name": "CasesAndDeathSink"
                }
            ],
            "transformations": [
                {
                    "name": "FilterEuropeOnly"
                },
                {
                    "name": "SelectOnlyRequiredFileds"
                },
                {
                    "name": "pivotCounts"
                },
                {
                    "name": "lookupCountry"
                },
                {
                    "name": "SelectForSink"
                }
            ],
            "scriptLines": [
                "source(output(",
                "          country as string,",
                "          country_code as string,",
                "          continent as string,",
                "          population as integer,",
                "          indicator as string,",
                "          daily_count as integer,",
                "          date as date,",
                "          rate_14_day as double,",
                "          source as string",
                "     ),",
                "     allowSchemaDrift: true,",
                "     validateSchema: false,",
                "     ignoreNoFilesFound: false) ~> CasesandDeathsource",
                "source(output(",
                "          country as string,",
                "          country_code_2_digit as string,",
                "          country_code_3_digit as string,",
                "          continent as string,",
                "          population as string",
                "     ),",
                "     allowSchemaDrift: true,",
                "     validateSchema: false,",
                "     ignoreNoFilesFound: false) ~> CountryLookup",
                "CasesandDeathsource filter(continent == \"Europe\" && not(isNull(country_code))) ~> FilterEuropeOnly",
                "FilterEuropeOnly select(mapColumn(",
                "          country,",
                "          country_code,",
                "          population,",
                "          indicator,",
                "          daily_count,",
                "          source,",
                "          each(match(name=='date'),",
                "               'reported'+'_date' = $$)",
                "     ),",
                "     skipDuplicateMapInputs: false,",
                "     skipDuplicateMapOutputs: false) ~> SelectOnlyRequiredFileds",
                "SelectOnlyRequiredFileds pivot(groupBy(country,",
                "          country_code,",
                "          population,",
                "          source,",
                "          reported_date),",
                "     pivotBy(indicator, ['cases', 'deaths']),",
                "     count = sum(daily_count),",
                "     columnNaming: '$V_$N',",
                "     lateral: true) ~> pivotCounts",
                "pivotCounts, CountryLookup lookup(pivotCounts@country == CountryLookup@country,",
                "     multiple: false,",
                "     pickup: 'any',",
                "     broadcast: 'auto')~> lookupCountry",
                "lookupCountry select(mapColumn(",
                "          country = pivotCounts@country,",
                "          country_code_2_digit,",
                "          country_code_3_digit,",
                "          population = pivotCounts@population,",
                "          cases_count,",
                "          deaths_count,",
                "          reported_date,",
                "          source",
                "     ),",
                "     skipDuplicateMapInputs: true,",
                "     skipDuplicateMapOutputs: true) ~> SelectForSink",
                "SelectForSink sink(allowSchemaDrift: true,",
                "     validateSchema: false,",
                "     partitionFileNames:['cases_and_deaths.csv'],",
                "     truncate: true,",
                "     umask: 0022,",
                "     preCommands: [],",
                "     postCommands: [],",
                "     skipDuplicateMapInputs: true,",
                "     skipDuplicateMapOutputs: true,",
                "     saveOrder: 1,",
                "     partitionBy('hash', 1)) ~> CasesAndDeathSink"
            ]
        }
    }
}