{"$schema":"http://schema.management.azure.com/schemas/2015-01-01/deploymentTemplate.json#","contentVersion":"1.0.0.0","parameters":{"factoryName":{"type":"string","metadata":"Data Factory name"},"ls_blob_covid_report_sa":{"type":"string"},"ls_dsls_covid_report_dl":{"type":"string"}},"variables":{"factoryId":"[concat('Microsoft.DataFactory/factories/', parameters('factoryName'))]"},"resources":[{"name":"[concat(parameters('factoryName'), '/pI_ingest_population_data')]","type":"Microsoft.DataFactory/factories/pipelines","apiVersion":"2018-06-01","properties":{"activities":[{"name":"check if file exists","type":"Validation","dependsOn":[],"userProperties":[],"typeProperties":{"dataset":{"referenceName":"ds_population_raw_gz","type":"DatasetReference","parameters":{}},"timeout":"0.00:02:00","sleep":10,"minimumSize":1024}},{"name":"Get  file Metadata","type":"GetMetadata","dependsOn":[{"activity":"check if file exists","dependencyConditions":["Succeeded"]}],"policy":{"timeout":"0.12:00:00","retry":0,"retryIntervalInSeconds":30,"secureOutput":false,"secureInput":false},"userProperties":[],"typeProperties":{"dataset":{"referenceName":"ds_population_raw_gz","type":"DatasetReference","parameters":{}},"fieldList":["columnCount","size","exists"],"storeSettings":{"type":"AzureBlobStorageReadSettings","recursive":true,"enablePartitionDiscovery":false},"formatSettings":{"type":"DelimitedTextReadSettings"}}},{"name":"If Column Count Matches","type":"IfCondition","dependsOn":[{"activity":"Get  file Metadata","dependencyConditions":["Succeeded"]}],"userProperties":[],"typeProperties":{"expression":{"value":"@equals(activity('Get  file Metadata').output.columnCount, 13)","type":"Expression"},"ifFalseActivities":[{"name":"Send Email","type":"WebActivity","dependsOn":[],"policy":{"timeout":"0.12:00:00","retry":0,"retryIntervalInSeconds":30,"secureOutput":false,"secureInput":false},"userProperties":[],"typeProperties":{"url":"https://file_incompatable","method":"POST","headers":{},"body":"dummy"}}],"ifTrueActivities":[{"name":"Copy Population Data_copy","type":"Copy","dependsOn":[],"policy":{"timeout":"0.00:05:00","retry":0,"retryIntervalInSeconds":30,"secureOutput":false,"secureInput":false},"userProperties":[],"typeProperties":{"source":{"type":"DelimitedTextSource","storeSettings":{"type":"AzureBlobStorageReadSettings","recursive":true,"enablePartitionDiscovery":false},"formatSettings":{"type":"DelimitedTextReadSettings"}},"sink":{"type":"DelimitedTextSink","storeSettings":{"type":"AzureBlobFSWriteSettings"},"formatSettings":{"type":"DelimitedTextWriteSettings","quoteAllText":true,"fileExtension":".txt"}},"enableStaging":false,"translator":{"type":"TabularTranslator","typeConversion":true,"typeConversionSettings":{"allowDataTruncation":true,"treatBooleanAsNumber":false}}},"inputs":[{"referenceName":"ds_population_raw_gz","type":"DatasetReference","parameters":{}}],"outputs":[{"referenceName":"ds_population_raw_tsv","type":"DatasetReference","parameters":{}}]},{"name":"Delete source file","type":"Delete","dependsOn":[{"activity":"Copy Population Data_copy","dependencyConditions":["Succeeded"]}],"policy":{"timeout":"0.12:00:00","retry":0,"retryIntervalInSeconds":30,"secureOutput":false,"secureInput":false},"userProperties":[],"typeProperties":{"dataset":{"referenceName":"ds_population_raw_gz","type":"DatasetReference","parameters":{}},"enableLogging":false,"storeSettings":{"type":"AzureBlobStorageReadSettings","recursive":true,"enablePartitionDiscovery":false}}}]}}],"concurrency":1,"policy":{"elapsedTimeMetric":{},"cancelAfter":{}},"folder":{"name":"Ingest"},"annotations":[],"lastPublishTime":"2023-07-12T09:18:40Z"},"dependsOn":["[concat(variables('factoryId'), '/datasets/ds_population_raw_gz')]","[concat(variables('factoryId'), '/datasets/ds_population_raw_tsv')]"]},{"name":"[concat(parameters('factoryName'), '/ds_population_raw_gz')]","type":"Microsoft.DataFactory/factories/datasets","apiVersion":"2018-06-01","properties":{"linkedServiceName":{"referenceName":"[parameters('ls_blob_covid_report_sa')]","type":"LinkedServiceReference"},"folder":{"name":"raw"},"annotations":[],"type":"DelimitedText","typeProperties":{"location":{"type":"AzureBlobStorageLocation","fileName":"population_by_age.tsv.gz","container":"population"},"columnDelimiter":"\t","compressionCodec":"gzip","compressionLevel":"Optimal","escapeChar":"\\","firstRowAsHeader":true,"quoteChar":"\""},"schema":[]},"dependsOn":[]},{"name":"[concat(parameters('factoryName'), '/ds_population_raw_tsv')]","type":"Microsoft.DataFactory/factories/datasets","apiVersion":"2018-06-01","properties":{"linkedServiceName":{"referenceName":"[parameters('ls_dsls_covid_report_dl')]","type":"LinkedServiceReference"},"folder":{"name":"raw"},"annotations":[],"type":"DelimitedText","typeProperties":{"location":{"type":"AzureBlobFSLocation","fileName":"population_by_age_tsv","folderPath":"population","fileSystem":"raw"},"columnDelimiter":"\t","escapeChar":"\\","firstRowAsHeader":true,"quoteChar":"\""},"schema":[]},"dependsOn":[]}]}