{"$schema":"http://schema.management.azure.com/schemas/2015-01-01/deploymentTemplate.json#","contentVersion":"1.0.0.0","parameters":{"factoryName":{"type":"string","metadata":"Data Factory name"},"ls_blob_covid_report_sa":{"type":"string"},"ls_http_opendata_ecdc_europa_ec":{"type":"string"},"ls_dsls_covid_report_dl":{"type":"string"}},"variables":{"factoryId":"[concat('Microsoft.DataFactory/factories/', parameters('factoryName'))]"},"resources":[{"name":"[concat(parameters('factoryName'), '/pl_ingest_ecdc_data')]","type":"Microsoft.DataFactory/factories/pipelines","apiVersion":"2018-06-01","properties":{"activities":[{"name":"Lookup ECDC file list","type":"Lookup","dependsOn":[],"policy":{"timeout":"0.12:00:00","retry":0,"retryIntervalInSeconds":30,"secureOutput":false,"secureInput":false},"userProperties":[],"typeProperties":{"source":{"type":"JsonSource","storeSettings":{"type":"AzureBlobStorageReadSettings","recursive":true,"enablePartitionDiscovery":false},"formatSettings":{"type":"JsonReadSettings"}},"dataset":{"referenceName":"ds_ecdc_file_list","type":"DatasetReference","parameters":{}},"firstRowOnly":false}},{"name":"Execute copy for Every Record","type":"ForEach","dependsOn":[{"activity":"Lookup ECDC file list","dependencyConditions":["Succeeded"]}],"userProperties":[],"typeProperties":{"items":{"value":"@activity('Lookup ECDC file list').output.value","type":"Expression"},"activities":[{"name":"Copy ECDC Data_copy","type":"Copy","dependsOn":[],"policy":{"timeout":"0.12:00:00","retry":0,"retryIntervalInSeconds":30,"secureOutput":false,"secureInput":false},"userProperties":[],"typeProperties":{"source":{"type":"DelimitedTextSource","storeSettings":{"type":"HttpReadSettings","requestMethod":"GET"},"formatSettings":{"type":"DelimitedTextReadSettings"}},"sink":{"type":"DelimitedTextSink","storeSettings":{"type":"AzureBlobFSWriteSettings"},"formatSettings":{"type":"DelimitedTextWriteSettings","quoteAllText":true,"fileExtension":".txt"}},"enableStaging":false,"translator":{"type":"TabularTranslator","typeConversion":true,"typeConversionSettings":{"allowDataTruncation":true,"treatBooleanAsNumber":false}}},"inputs":[{"referenceName":"ds_ecdc_raw_csv_http","type":"DatasetReference","parameters":{"relativeURL":{"value":"@item().sourceRelativeURL","type":"Expression"},"baseURL":{"value":"@item().sourceBaseURL","type":"Expression"}}}],"outputs":[{"referenceName":"ds_ecdcs_raw_csv_dl","type":"DatasetReference","parameters":{"filename":{"value":"@item().sinkfileName","type":"Expression"}}}]}]}}],"policy":{"elapsedTimeMetric":{},"cancelAfter":{}},"folder":{"name":"Ingest"},"annotations":[],"lastPublishTime":"2023-07-12T09:18:40Z"},"dependsOn":["[concat(variables('factoryId'), '/datasets/ds_ecdc_file_list')]","[concat(variables('factoryId'), '/datasets/ds_ecdc_raw_csv_http')]","[concat(variables('factoryId'), '/datasets/ds_ecdcs_raw_csv_dl')]"]},{"name":"[concat(parameters('factoryName'), '/ds_ecdc_file_list')]","type":"Microsoft.DataFactory/factories/datasets","apiVersion":"2018-06-01","properties":{"linkedServiceName":{"referenceName":"[parameters('ls_blob_covid_report_sa')]","type":"LinkedServiceReference"},"folder":{"name":"lookup"},"annotations":[],"type":"Json","typeProperties":{"location":{"type":"AzureBlobStorageLocation","fileName":"ecdc_file_list.json","container":"configs"}},"schema":{"type":"object","properties":{"sourceRelativeURL":{"type":"string"},"sinkFileName":{"type":"string"}}}},"dependsOn":[]},{"name":"[concat(parameters('factoryName'), '/ds_ecdc_raw_csv_http')]","type":"Microsoft.DataFactory/factories/datasets","apiVersion":"2018-06-01","properties":{"linkedServiceName":{"referenceName":"[parameters('ls_http_opendata_ecdc_europa_ec')]","type":"LinkedServiceReference","parameters":{"sourecBaseURL":{"value":"@dataset().baseURL","type":"Expression"}}},"parameters":{"relativeURL":{"type":"string"},"baseURL":{"type":"string"}},"folder":{"name":"raw"},"annotations":[],"type":"DelimitedText","typeProperties":{"location":{"type":"HttpServerLocation","relativeUrl":{"value":"@dataset().relativeURL","type":"Expression"}},"columnDelimiter":",","escapeChar":"\\","firstRowAsHeader":true,"quoteChar":"\""},"schema":[]},"dependsOn":[]},{"name":"[concat(parameters('factoryName'), '/ds_ecdcs_raw_csv_dl')]","type":"Microsoft.DataFactory/factories/datasets","apiVersion":"2018-06-01","properties":{"linkedServiceName":{"referenceName":"[parameters('ls_dsls_covid_report_dl')]","type":"LinkedServiceReference"},"parameters":{"filename":{"type":"string"}},"folder":{"name":"raw"},"annotations":[],"type":"DelimitedText","typeProperties":{"location":{"type":"AzureBlobFSLocation","fileName":{"value":"@dataset().filename","type":"Expression"},"folderPath":"ecdc","fileSystem":"raw"},"columnDelimiter":",","escapeChar":"\\","firstRowAsHeader":true,"quoteChar":"\""},"schema":[]},"dependsOn":[]}]}