{"$schema":"http://schema.management.azure.com/schemas/2015-01-01/deploymentTemplate.json#","contentVersion":"1.0.0.0","parameters":{"factoryName":{"type":"string","metadata":"Data Factory name"},"ls_dsls_covid_report_dl":{"type":"string"},"ls_sql_covid_db":{"type":"string"}},"variables":{"factoryId":"[concat('Microsoft.DataFactory/factories/', parameters('factoryName'))]"},"resources":[{"name":"[concat(parameters('factoryName'), '/pl_sqlize_cases_and_deaths_data')]","type":"Microsoft.DataFactory/factories/pipelines","apiVersion":"2018-06-01","properties":{"activities":[{"name":"Copy cases and deaths","type":"Copy","dependsOn":[],"policy":{"timeout":"0.12:00:00","retry":0,"retryIntervalInSeconds":30,"secureOutput":false,"secureInput":false},"userProperties":[],"typeProperties":{"source":{"type":"DelimitedTextSource","storeSettings":{"type":"AzureBlobFSReadSettings","recursive":true,"wildcardFileName":"*","enablePartitionDiscovery":false},"formatSettings":{"type":"DelimitedTextReadSettings"}},"sink":{"type":"AzureSqlSink","preCopyScript":"TRUNCATE TABLE covid_reporting.cases_and_deaths;","writeBehavior":"insert","sqlWriterUseTableLock":false,"disableMetricsCollection":false},"enableStaging":false,"translator":{"type":"TabularTranslator","typeConversion":true,"typeConversionSettings":{"allowDataTruncation":true,"treatBooleanAsNumber":false}}},"inputs":[{"referenceName":"ds_processed_cases_and_deaths","type":"DatasetReference","parameters":{}}],"outputs":[{"referenceName":"ds_sql_cases_and_deaths","type":"DatasetReference","parameters":{}}]}],"policy":{"elapsedTimeMetric":{},"cancelAfter":{}},"folder":{"name":"sqlize"},"annotations":[],"lastPublishTime":"2023-07-12T09:18:40Z"},"dependsOn":["[concat(variables('factoryId'), '/datasets/ds_processed_cases_and_deaths')]","[concat(variables('factoryId'), '/datasets/ds_sql_cases_and_deaths')]"]},{"name":"[concat(parameters('factoryName'), '/ds_processed_cases_and_deaths')]","type":"Microsoft.DataFactory/factories/datasets","apiVersion":"2018-06-01","properties":{"linkedServiceName":{"referenceName":"[parameters('ls_dsls_covid_report_dl')]","type":"LinkedServiceReference"},"folder":{"name":"processed"},"annotations":[],"type":"DelimitedText","typeProperties":{"location":{"type":"AzureBlobFSLocation","folderPath":"ecdc/cases_deaths","fileSystem":"processed"},"columnDelimiter":",","escapeChar":"\\","firstRowAsHeader":true,"quoteChar":"\""},"schema":[]},"dependsOn":[]},{"name":"[concat(parameters('factoryName'), '/ds_sql_cases_and_deaths')]","type":"Microsoft.DataFactory/factories/datasets","apiVersion":"2018-06-01","properties":{"linkedServiceName":{"referenceName":"[parameters('ls_sql_covid_db')]","type":"LinkedServiceReference"},"folder":{"name":"sql"},"annotations":[],"type":"AzureSqlTable","schema":[{"name":"country","type":"varchar"},{"name":"country_code_2_digit","type":"varchar"},{"name":"country_code_3_digit","type":"varchar"},{"name":"population","type":"bigint","precision":19},{"name":"cases_count","type":"bigint","precision":19},{"name":"deaths_count","type":"bigint","precision":19},{"name":"reported_date","type":"date"},{"name":"source","type":"varchar"}],"typeProperties":{"schema":"covid_reporting","table":"cases_and_deaths"}},"dependsOn":[]}]}