{"$schema":"http://schema.management.azure.com/schemas/2015-01-01/deploymentTemplate.json#","contentVersion":"1.0.0.0","parameters":{"factoryName":{"type":"string","metadata":"Data Factory name"},"ls_dsls_covid_report_dl":{"type":"string"}},"variables":{"factoryId":"[concat('Microsoft.DataFactory/factories/', parameters('factoryName'))]"},"resources":[{"name":"[concat(parameters('factoryName'), '/pi_process_hospital_admissions_data')]","type":"Microsoft.DataFactory/factories/pipelines","apiVersion":"2018-06-01","properties":{"activities":[{"name":"df_transform_hospital_admissions","type":"ExecuteDataFlow","dependsOn":[],"policy":{"timeout":"0.12:00:00","retry":0,"retryIntervalInSeconds":30,"secureOutput":false,"secureInput":false},"userProperties":[],"typeProperties":{"dataflow":{"referenceName":"df_transform_hospital_admission","type":"DataFlowReference","parameters":{},"datasetParameters":{"HospitalAdmissionSource":{},"Countrysource":{},"DimDateSource":{},"Weeklysink":{},"Dailysink":{}}},"staging":{},"compute":{"coreCount":8,"computeType":"General"},"traceLevel":"Fine"}}],"policy":{"elapsedTimeMetric":{},"cancelAfter":{}},"folder":{"name":"process"},"annotations":[],"lastPublishTime":"2023-07-12T09:20:30Z"},"dependsOn":["[concat(variables('factoryId'), '/dataflows/df_transform_hospital_admission')]"]},{"name":"[concat(parameters('factoryName'), '/df_transform_hospital_admission')]","type":"Microsoft.DataFactory/factories/dataflows","apiVersion":"2018-06-01","properties":{"type":"MappingDataFlow","typeProperties":{"sources":[{"dataset":{"referenceName":"ds_raw_hospital_admission","type":"DatasetReference"},"name":"HospitalAdmissionSource"},{"dataset":{"referenceName":"ds_country_lookup","type":"DatasetReference"},"name":"Countrysource"},{"dataset":{"referenceName":"ds_dim_date_lookup","type":"DatasetReference"},"name":"DimDateSource"}],"sinks":[{"dataset":{"referenceName":"ds_processed_hospital_admissions_weekly","type":"DatasetReference"},"name":"Weeklysink"},{"dataset":{"referenceName":"ds_processed_hospital_admissions_daily","type":"DatasetReference"},"name":"Dailysink"}],"transformations":[{"name":"SelectReqFields"},{"name":"lookupCountry"},{"name":"selectReqFields2"},{"name":"SplitDailyFromWeekly"},{"name":"AggDimDate"},{"name":"JoinWithDate"},{"name":"PivotWeekly"},{"name":"PivotDaily"},{"name":"SortWeekly"},{"name":"SortDaily"},{"name":"SelectWeekly"},{"name":"SelectDaily"}],"scriptLines":["source(output(","          country as string,","          indicator as string,","          date as date,","          year_week as string,","          value as double,","          source as string,","          url as string","     ),","     allowSchemaDrift: true,","     validateSchema: false,","     ignoreNoFilesFound: false) ~> HospitalAdmissionSource","source(output(","          country as string,","          country_code_2_digit as string,","          country_code_3_digit as string,","          continent as string,","          population as string","     ),","     allowSchemaDrift: true,","     validateSchema: false,","     ignoreNoFilesFound: false) ~> Countrysource","source(output(","          date_key as string,","          date as string,","          year as string,","          month as string,","          day as string,","          day_name as string,","          day_of_year as string,","          week_of_month as string,","          week_of_year as string,","          month_name as string,","          year_month as string,","          year_week as string","     ),","     allowSchemaDrift: true,","     validateSchema: false,","     ignoreNoFilesFound: false) ~> DimDateSource","HospitalAdmissionSource select(mapColumn(","          country,","          indicator,","          reported_date = date,","          reported_year_week = year_week,","          value,","          source","     ),","     skipDuplicateMapInputs: true,","     skipDuplicateMapOutputs: true) ~> SelectReqFields","SelectReqFields, Countrysource lookup(SelectReqFields@country == Countrysource@country,","     multiple: false,","     pickup: 'any',","     broadcast: 'auto')~> lookupCountry","lookupCountry select(mapColumn(","          country = SelectReqFields@country,","          indicator,","          reported_date,","          reported_year_week,","          value,","          source,","          country = Countrysource@country,","          country_code_2_digit,","          country_code_3_digit,","          population","     ),","     skipDuplicateMapInputs: true,","     skipDuplicateMapOutputs: true) ~> selectReqFields2","selectReqFields2 split(indicator == 'Weekly new hospital admissions per 100k' || indicator == 'Weekly new ICU admissions per 100k',","     disjoint: false) ~> SplitDailyFromWeekly@(Weekly, Daily)","DimDateSource aggregate(groupBy(ecdc_year_week = year+'-W'+lpad(week_of_year,2,'0')),","     week_start_date = min(date),","          week_end_date = max(date)) ~> AggDimDate","SplitDailyFromWeekly@Weekly, AggDimDate join(reported_year_week == ecdc_year_week,","     joinType:'inner',","     matchType:'exact',","     ignoreSpaces: false,","     broadcast: 'auto')~> JoinWithDate","JoinWithDate pivot(groupBy(country,","          country_code_2_digit,","          country_code_3_digit,","          population,","          reported_year_week,","          week_start_date,","          week_end_date,","          source),","     pivotBy(indicator, ['Weekly new hospital admissions per 100k', 'Weekly new ICU admissions per 100k']),","     count = sum(value),","     columnNaming: '$V_$N',","     lateral: true) ~> PivotWeekly","SplitDailyFromWeekly@Daily pivot(groupBy(country,","          country_code_2_digit,","          country_code_3_digit,","          population,","          reported_date,","          source),","     pivotBy(indicator, ['Daily hospital occupancy', 'Daily ICU occupancy']),","     count = sum(value),","     columnNaming: '$V_$N',","     lateral: true) ~> PivotDaily","PivotWeekly sort(desc(reported_year_week, true),","     asc(country, true)) ~> SortWeekly","PivotDaily sort(desc(reported_date, true),","     asc(country, true)) ~> SortDaily","SortWeekly select(mapColumn(","          country,","          country_code_2_digit,","          country_code_3_digit,","          population,","          reported_year_week,","          reported_week_start_date = week_start_date,","          reported_week_end_date = week_end_date,","          new_hospital_admissions_count = {Weekly new hospital admissions per 100k_count},","          new_ICU_admissions_count = {Weekly new ICU admissions per 100k_count},","          source","     ),","     skipDuplicateMapInputs: true,","     skipDuplicateMapOutputs: true) ~> SelectWeekly","SortDaily select(mapColumn(","          country,","          country_code_2_digit,","          country_code_3_digit,","          population,","          reported_date,","          hospital_occupancy_count = {Daily hospital occupancy_count},","          icu_occupancy_count = {Daily ICU occupancy_count},","          source","     ),","     skipDuplicateMapInputs: true,","     skipDuplicateMapOutputs: true) ~> SelectDaily","SelectWeekly sink(allowSchemaDrift: true,","     validateSchema: false,","     partitionFileNames:['hospital_admissions_weekly.csv'],","     umask: 0022,","     preCommands: [],","     postCommands: [],","     skipDuplicateMapInputs: true,","     skipDuplicateMapOutputs: true,","     partitionBy('hash', 1)) ~> Weeklysink","SelectDaily sink(allowSchemaDrift: true,","     validateSchema: false,","     partitionFileNames:['hospital_admissions_daily.csv'],","     umask: 0022,","     preCommands: [],","     postCommands: [],","     skipDuplicateMapInputs: true,","     skipDuplicateMapOutputs: true,","     partitionBy('hash', 1)) ~> Dailysink"]}},"dependsOn":["[concat(variables('factoryId'), '/datasets/ds_raw_hospital_admission')]","[concat(variables('factoryId'), '/datasets/ds_country_lookup')]","[concat(variables('factoryId'), '/datasets/ds_dim_date_lookup')]","[concat(variables('factoryId'), '/datasets/ds_processed_hospital_admissions_weekly')]","[concat(variables('factoryId'), '/datasets/ds_processed_hospital_admissions_daily')]"]},{"name":"[concat(parameters('factoryName'), '/ds_raw_hospital_admission')]","type":"Microsoft.DataFactory/factories/datasets","apiVersion":"2018-06-01","properties":{"linkedServiceName":{"referenceName":"[parameters('ls_dsls_covid_report_dl')]","type":"LinkedServiceReference"},"folder":{"name":"raw"},"annotations":[],"type":"DelimitedText","typeProperties":{"location":{"type":"AzureBlobFSLocation","fileName":"hospital_admissions.csv","folderPath":"ecdc/hospital_admissions","fileSystem":"raw"},"columnDelimiter":",","escapeChar":"\\","firstRowAsHeader":true,"quoteChar":"\""},"schema":[{"name":"country","type":"String"},{"name":"indicator","type":"String"},{"name":"date","type":"String"},{"name":"year_week","type":"String"},{"name":"value","type":"String"},{"name":"source","type":"String"},{"name":"url","type":"String"}]},"dependsOn":[]},{"name":"[concat(parameters('factoryName'), '/ds_country_lookup')]","type":"Microsoft.DataFactory/factories/datasets","apiVersion":"2018-06-01","properties":{"linkedServiceName":{"referenceName":"[parameters('ls_dsls_covid_report_dl')]","type":"LinkedServiceReference"},"folder":{"name":"lookup"},"annotations":[],"type":"DelimitedText","typeProperties":{"location":{"type":"AzureBlobFSLocation","fileName":"country_lookup.csv","folderPath":"dim_country","fileSystem":"lookup"},"columnDelimiter":",","escapeChar":"\\","firstRowAsHeader":true,"quoteChar":"\""},"schema":[{"name":"country","type":"String"},{"name":"country_code_2_digit","type":"String"},{"name":"country_code_3_digit","type":"String"},{"name":"continent","type":"String"},{"name":"population","type":"String"}]},"dependsOn":[]},{"name":"[concat(parameters('factoryName'), '/ds_dim_date_lookup')]","type":"Microsoft.DataFactory/factories/datasets","apiVersion":"2018-06-01","properties":{"linkedServiceName":{"referenceName":"[parameters('ls_dsls_covid_report_dl')]","type":"LinkedServiceReference"},"folder":{"name":"lookup"},"annotations":[],"type":"DelimitedText","typeProperties":{"location":{"type":"AzureBlobFSLocation","fileName":"dim_date.csv","folderPath":"dim_date","fileSystem":"lookup"},"columnDelimiter":",","escapeChar":"\\","firstRowAsHeader":true,"quoteChar":"\""},"schema":[{"name":"date_key","type":"String"},{"name":"date","type":"String"},{"name":"year","type":"String"},{"name":"month","type":"String"},{"name":"day","type":"String"},{"name":"day_name","type":"String"},{"name":"day_of_year","type":"String"},{"name":"week_of_month","type":"String"},{"name":"week_of_year","type":"String"},{"name":"month_name","type":"String"},{"name":"year_month","type":"String"},{"name":"year_week","type":"String"}]},"dependsOn":[]},{"name":"[concat(parameters('factoryName'), '/ds_processed_hospital_admissions_weekly')]","type":"Microsoft.DataFactory/factories/datasets","apiVersion":"2018-06-01","properties":{"linkedServiceName":{"referenceName":"[parameters('ls_dsls_covid_report_dl')]","type":"LinkedServiceReference"},"folder":{"name":"processed"},"annotations":[],"type":"DelimitedText","typeProperties":{"location":{"type":"AzureBlobFSLocation","folderPath":"ecdc/hospital_admissions_weekly","fileSystem":"processed"},"columnDelimiter":",","escapeChar":"\\","firstRowAsHeader":true,"quoteChar":"\""},"schema":[]},"dependsOn":[]},{"name":"[concat(parameters('factoryName'), '/ds_processed_hospital_admissions_daily')]","type":"Microsoft.DataFactory/factories/datasets","apiVersion":"2018-06-01","properties":{"linkedServiceName":{"referenceName":"[parameters('ls_dsls_covid_report_dl')]","type":"LinkedServiceReference"},"folder":{"name":"processed"},"annotations":[],"type":"DelimitedText","typeProperties":{"location":{"type":"AzureBlobFSLocation","folderPath":"ecdc/hospital_admission_daily","fileSystem":"processed"},"columnDelimiter":",","escapeChar":"\\","firstRowAsHeader":true,"quoteChar":"\""},"schema":[]},"dependsOn":[]}]}